album_name,song_name,release_date,popularity,danceability,energy,key,loudness,mode,speechiness,acousticness,instrumentalness,liveness,valence,tempo,duration_ms,time_signature
Taylor Swift,Tim McGraw,2006-10-24,67,0.58,0.491,0,-6.462,1,0.0251,0.575,0.0,0.121,0.425,76.009,232107,4
Taylor Swift,Picture To Burn,2006-10-24,71,0.658,0.877,7,-2.098,1,0.0323,0.173,0.0,0.0962,0.821,105.586,173067,4
Taylor Swift,Teardrops On My Guitar - Radio Single Remix,2006-10-24,68,0.621,0.417,10,-6.941,1,0.0231,0.288,0.0,0.119,0.289,99.953,203040,4
Taylor Swift,A Place in this World,2006-10-24,60,0.576,0.777,9,-2.881,1,0.0324,0.051,0.0,0.32,0.428,115.028,199200,4
Taylor Swift,Cold As You,2006-10-24,60,0.418,0.482,5,-5.769,1,0.0266,0.217,0.0,0.123,0.261,175.558,239013,4
Taylor Swift,The Outside,2006-10-24,58,0.589,0.805,5,-4.055,1,0.0293,0.00491,0.0,0.24,0.591,112.982,207107,4
Taylor Swift,Tied Together with a Smile,2006-10-24,59,0.479,0.578,2,-4.963,1,0.0294,0.525,0.0,0.0841,0.192,146.165,248107,4
Taylor Swift,Stay Beautiful,2006-10-24,59,0.594,0.629,8,-4.919,1,0.0246,0.0868,0.0,0.137,0.504,131.597,236053,4
Taylor Swift,Should've Said No,2006-10-24,67,0.476,0.777,4,-3.771,0,0.0289,0.0103,0.0,0.196,0.472,167.964,242200,4
Taylor Swift,Mary's Song (Oh My My My),2006-10-24,61,0.403,0.627,2,-5.28,1,0.0292,0.0177,0.0,0.182,0.374,74.9,213080,4
Taylor Swift,Our Song,2006-10-24,75,0.668,0.672,2,-4.931,1,0.0303,0.111,0.0,0.329,0.539,89.011,201107,4
Taylor Swift,I'm Only Me When I'm With You,2006-10-24,61,0.563,0.934,8,-3.629,1,0.0646,0.00452,0.000807,0.103,0.518,143.964,213053,4
Taylor Swift,Invisible,2006-10-24,58,0.612,0.394,7,-5.723,1,0.0243,0.637,0.0,0.147,0.233,96.001,203227,4
Taylor Swift,A Perfectly Good Heart,2006-10-24,56,0.483,0.751,4,-5.726,1,0.0365,0.00349,0.0,0.128,0.268,156.092,220147,4
Taylor Swift,Teardrops on My Guitar - Pop Version,2006-10-24,57,0.459,0.753,10,-3.827,1,0.0537,0.0402,0.0,0.0863,0.483,199.997,179067,4
Fearless (Taylor's Version),Fearless (Taylor’s Version),2021-04-09,83,0.569,0.741,5,-4.963,1,0.0282,0.0122,0.0,0.333,0.43,100.118,241592,4
Fearless (Taylor's Version),Fifteen (Taylor’s Version),2021-04-09,72,0.559,0.646,7,-4.61,1,0.0272,0.116,0.0,0.32,0.289,95.466,294419,4
Fearless (Taylor's Version),Love Story (Taylor’s Version),2021-04-09,82,0.627,0.792,2,-4.311,1,0.031,0.13,3.97e-06,0.0845,0.415,119.054,235767,4
Fearless (Taylor's Version),Hey Stephen (Taylor’s Version),2021-04-09,71,0.788,0.571,6,-6.135,1,0.0296,0.106,0.0,0.0934,0.797,115.99,254255,4
Fearless (Taylor's Version),White Horse (Taylor’s Version),2021-04-09,73,0.423,0.517,0,-7.377,1,0.0486,0.369,0.0,0.177,0.366,185.262,234516,4
Fearless (Taylor's Version),You Belong With Me (Taylor’s Version),2021-04-09,86,0.632,0.773,6,-4.856,1,0.0346,0.0623,0.0,0.0885,0.474,130.033,231124,4
Fearless (Taylor's Version),Breathe (feat. Colbie Caillat) (Taylor’s Version),2021-04-09,69,0.506,0.626,1,-6.066,1,0.0287,0.156,0.0,0.228,0.321,148.035,263377,4
Fearless (Taylor's Version),Tell Me Why (Taylor’s Version),2021-04-09,68,0.578,0.909,7,-3.669,1,0.0628,0.0222,0.0,0.333,0.541,100.023,200576,4
Fearless (Taylor's Version),You’re Not Sorry (Taylor’s Version),2021-04-09,70,0.506,0.444,6,-4.99,1,0.0285,0.0538,0.0,0.123,0.241,133.873,261843,4
Fearless (Taylor's Version),The Way I Loved You (Taylor’s Version),2021-04-09,81,0.402,0.732,5,-4.665,1,0.0484,0.0033,0.0,0.108,0.472,161.032,243137,4
Fearless (Taylor's Version),Forever & Always (Taylor’s Version),2021-04-09,73,0.598,0.821,10,-4.433,1,0.0447,0.0231,0.0,0.143,0.673,128.03,225328,4
Fearless (Taylor's Version),The Best Day (Taylor’s Version),2021-04-09,67,0.642,0.576,1,-8.524,1,0.0282,0.488,0.0,0.159,0.469,125.0,245290,4
Fearless (Taylor's Version),Change (Taylor’s Version),2021-04-09,66,0.499,0.815,5,-4.063,1,0.0341,0.000191,0.0,0.181,0.344,95.999,279360,4
Fearless (Taylor's Version),Jump Then Fall (Taylor’s Version),2021-04-09,68,0.572,0.69,2,-6.201,1,0.0358,0.0474,0.0,0.0897,0.624,160.111,237580,4
Fearless (Taylor's Version),Untouchable (Taylor’s Version),2021-04-09,69,0.393,0.531,5,-6.112,1,0.0329,0.0181,0.0,0.169,0.224,200.391,312107,4
Fearless (Taylor's Version),Forever & Always (Piano Version) (Taylor’s Version),2021-04-09,67,0.546,0.273,9,-9.208,1,0.0308,0.819,0.0,0.137,0.271,118.753,267833,4
Fearless (Taylor's Version),Come In With The Rain (Taylor’s Version),2021-04-09,66,0.476,0.564,2,-5.677,1,0.0269,0.0406,0.0,0.102,0.167,143.929,237339,4
Fearless (Taylor's Version),Superstar (Taylor’s Version),2021-04-09,65,0.454,0.555,2,-6.69,1,0.0283,0.157,0.0,0.343,0.171,171.862,263865,4
Fearless (Taylor's Version),The Other Side Of The Door (Taylor’s Version),2021-04-09,70,0.432,0.873,4,-4.367,1,0.0577,0.0279,0.0,0.167,0.629,163.936,238444,4
Fearless (Taylor's Version),Today Was A Fairytale (Taylor’s Version),2021-04-09,68,0.482,0.779,7,-5.025,1,0.0409,0.0135,0.0,0.296,0.328,158.162,241822,4
Fearless (Taylor's Version),You All Over Me (feat. Maren Morris) (Taylor’s Version) (From The Vault),2021-04-09,66,0.599,0.494,2,-7.61,1,0.0372,0.816,0.0,0.101,0.44,142.893,220839,4
Fearless (Taylor's Version),Mr. Perfectly Fine (Taylor’s Version) (From The Vault),2021-04-09,77,0.66,0.817,11,-6.269,0,0.0521,0.162,0.0,0.0667,0.714,135.942,277592,4
Fearless (Taylor's Version),We Were Happy (Taylor’s Version) (From The Vault),2021-04-09,68,0.609,0.373,0,-8.819,1,0.0263,0.849,0.0,0.0779,0.13,106.007,244237,4
Fearless (Taylor's Version),That’s When (feat. Keith Urban) (Taylor’s Version) (From The Vault),2021-04-09,70,0.588,0.608,5,-7.062,1,0.0365,0.225,0.0,0.092,0.508,90.201,189496,4
Fearless (Taylor's Version),Don’t You (Taylor’s Version) (From The Vault),2021-04-09,69,0.563,0.473,3,-11.548,1,0.0503,0.514,1.2e-05,0.109,0.405,101.934,208609,4
Fearless (Taylor's Version),Bye Bye Baby (Taylor’s Version) (From The Vault),2021-04-09,68,0.624,0.624,5,-7.86,1,0.0539,0.334,0.0,0.0995,0.527,80.132,242158,4
Speak Now (Taylor's Version),Mine (Taylor's Version),2023-07-07,81,0.646,0.783,7,-2.846,1,0.0356,0.00444,1.38e-06,0.171,0.49,121.08,231707,4
Speak Now (Taylor's Version),Sparks Fly (Taylor’s Version),2023-07-07,78,0.588,0.758,5,-2.347,1,0.0305,0.0251,0.0,0.131,0.387,114.991,261231,4
Speak Now (Taylor's Version),Back To December (Taylor's Version),2023-07-07,82,0.497,0.635,2,-3.927,1,0.0273,0.00621,0.0,0.117,0.203,142.063,294190,4
Speak Now (Taylor's Version),Speak Now (Taylor's Version),2023-07-07,76,0.727,0.677,7,-2.871,1,0.0325,0.248,0.0,0.143,0.639,118.995,242473,4
Speak Now (Taylor's Version),Dear John (Taylor's Version),2023-07-07,77,0.419,0.47,4,-5.016,1,0.0296,0.0236,0.0,0.163,0.133,119.294,405907,3
Speak Now (Taylor's Version),Mean (Taylor's Version),2023-07-07,77,0.524,0.692,4,-3.866,1,0.0369,0.311,0.0,0.192,0.621,163.874,238693,4
Speak Now (Taylor's Version),The Story Of Us (Taylor's Version),2023-07-07,76,0.515,0.781,4,-2.608,1,0.0535,0.00192,0.0,0.054,0.57,139.846,267653,4
Speak Now (Taylor's Version),Never Grow Up (Taylor's Version),2023-07-07,71,0.685,0.323,2,-7.103,1,0.0289,0.851,0.0,0.198,0.569,125.058,292920,4
Speak Now (Taylor's Version),Enchanted (Taylor's Version),2023-07-07,86,0.505,0.532,8,-3.526,1,0.0265,0.012,0.0,0.149,0.216,81.907,353253,4
Speak Now (Taylor's Version),Better Than Revenge (Taylor's Version),2023-07-07,78,0.496,0.885,11,-2.969,0,0.0803,0.000886,0.0,0.191,0.665,145.863,220307,4
Speak Now (Taylor's Version),Innocent (Taylor's Version),2023-07-07,70,0.522,0.598,1,-5.327,0,0.0284,0.101,0.0,0.152,0.149,133.627,301222,4
Speak Now (Taylor's Version),Haunted (Taylor's Version),2023-07-07,75,0.427,0.915,5,-1.909,1,0.0619,0.00667,0.0,0.221,0.355,162.201,245413,4
Speak Now (Taylor's Version),Last Kiss (Taylor's Version),2023-07-07,75,0.55,0.366,10,-8.46,1,0.0276,0.447,4.43e-06,0.101,0.16,79.401,369120,3
Speak Now (Taylor's Version),Long Live (Taylor's Version),2023-07-07,80,0.375,0.65,0,-4.031,1,0.0402,0.0122,0.0,0.189,0.0752,203.89,317960,4
Speak Now (Taylor's Version),Ours (Taylor’s Version),2023-07-07,72,0.535,0.488,0,-8.261,1,0.0278,0.449,0.0,0.111,0.348,159.813,235803,4
If This Was A Movie (Taylor’s Version),If This Was A Movie (Taylor’s Version),2021-04-09,71,0.472,0.701,4,-3.72,1,0.0279,0.091,0.0,0.23,0.304,147.854,237022,4
Speak Now (Taylor's Version),Superman (Taylor’s Version),2023-07-07,69,0.533,0.742,7,-3.473,1,0.0303,0.0031,0.0,0.108,0.356,131.93,274945,4
Speak Now (Taylor's Version),Electric Touch (feat. Fall Out Boy) (Taylor’s Version) (From The Vault),2023-07-07,75,0.547,0.855,7,-4.7,1,0.0597,0.0164,0.0,0.144,0.282,131.073,266467,4
Speak Now (Taylor's Version),When Emma Falls in Love (Taylor’s Version) (From The Vault),2023-07-07,73,0.474,0.763,2,-4.632,1,0.0505,0.159,0.0,0.138,0.231,78.133,252386,4
Speak Now (Taylor's Version),I Can See You (Taylor’s Version) (From The Vault),2023-07-07,82,0.694,0.764,6,-4.893,1,0.0337,0.0586,0.0,0.0608,0.819,123.044,273186,4
Speak Now (Taylor's Version),Castles Crumbling (feat. Hayley Williams) (Taylor’s Version) (From The Vault),2023-07-07,74,0.576,0.57,7,-7.925,1,0.0434,0.362,0.0,0.0668,0.378,147.803,306062,4
Speak Now (Taylor's Version),Foolish One (Taylor’s Version) (From The Vault),2023-07-07,76,0.671,0.588,7,-4.675,1,0.0299,0.617,0.0,0.111,0.543,96.965,311765,4
Speak Now (Taylor's Version),Timeless (Taylor’s Version) (From The Vault),2023-07-07,75,0.624,0.585,3,-5.847,1,0.0328,0.3,0.0,0.0916,0.65,142.883,321397,4
Speak Now (Deluxe Edition),Back To December - Acoustic,2010-10-25,49,0.541,0.453,2,-6.459,1,0.0266,0.748,0.0,0.2,0.377,141.757,292560,4
Speak Now (Deluxe Edition),Haunted - Acoustic Version,2010-10-25,49,0.563,0.443,5,-5.078,1,0.0247,0.842,0.0,0.293,0.313,80.962,217613,4
Speak Now (Deluxe Edition),Mine - POP Mix,2010-10-25,44,0.695,0.723,7,-3.806,1,0.0285,0.00727,1.2e-06,0.1,0.679,121.011,230333,4
Red (Taylor's Version),State Of Grace (Taylor's Version),2021-11-12,72,0.594,0.713,9,-5.314,1,0.0503,0.000328,0.0,0.114,0.328,129.958,295413,4
Red (Taylor's Version),Red (Taylor's Version),2021-11-12,80,0.516,0.777,1,-4.908,0,0.0375,0.00108,1.62e-06,0.0761,0.408,125.047,223093,4
Red (Taylor's Version),Treacherous (Taylor's Version),2021-11-12,72,0.645,0.593,2,-6.506,1,0.0288,0.0344,0.000127,0.13,0.299,109.984,242720,4
Red (Taylor's Version),I Knew You Were Trouble (Taylor's Version),2021-11-12,80,0.584,0.557,6,-6.371,1,0.0342,0.0129,0.0,0.0576,0.767,154.008,219760,4
Red (Taylor's Version),All Too Well (Taylor's Version),2021-11-12,76,0.44,0.528,0,-7.809,1,0.0317,0.0171,0.00203,0.234,0.132,185.972,329160,4
Red (Taylor's Version),22 (Taylor's Version),2021-11-12,80,0.642,0.695,7,-5.62,1,0.0281,0.000443,1.02e-05,0.0753,0.642,103.984,230960,4
Red (Taylor's Version),I Almost Do (Taylor's Version),2021-11-12,70,0.511,0.559,4,-6.587,1,0.0264,0.0167,0.0,0.113,0.248,145.88,244587,4
Red (Taylor's Version),We Are Never Ever Getting Back Together (Taylor's Version),2021-11-12,81,0.567,0.686,7,-6.139,1,0.175,0.0317,1.86e-06,0.0732,0.716,172.014,193147,4
Red (Taylor's Version),Stay Stay Stay (Taylor's Version),2021-11-12,70,0.693,0.681,0,-7.039,1,0.025,0.0848,0.0,0.0768,0.663,100.02,205787,4
Red (Taylor's Version),The Last Time (feat. Gary Lightbody of Snow Patrol) (Taylor’s Version),2021-11-12,73,0.502,0.534,2,-5.954,1,0.0278,0.0399,0.0,0.0977,0.155,94.05,299080,4
Red (Taylor's Version),Holy Ground (Taylor's Version),2021-11-12,70,0.622,0.809,9,-5.623,1,0.0638,0.0288,0.00218,0.109,0.511,156.894,202960,4
Red (Taylor's Version),Sad Beautiful Tragic (Taylor's Version),2021-11-12,71,0.601,0.406,7,-11.827,1,0.0275,0.622,9.19e-05,0.133,0.232,130.059,284773,3
Red (Taylor's Version),The Lucky One (Taylor's Version),2021-11-12,69,0.686,0.571,4,-7.138,1,0.05,0.066,0.0,0.0608,0.538,117.889,240467,4
Red (Taylor's Version),Everything Has Changed (feat. Ed Sheeran) (Taylor’s Version),2021-11-12,75,0.498,0.61,6,-5.098,1,0.0363,0.271,0.0,0.223,0.474,79.918,245427,4
Red (Taylor's Version),Starlight (Taylor's Version),2021-11-12,69,0.628,0.685,4,-5.864,1,0.0358,0.00324,0.0,0.18,0.605,126.014,220413,4
Red (Taylor's Version),Begin Again (Taylor's Version),2021-11-12,72,0.519,0.527,7,-7.673,1,0.0274,0.075,0.0,0.132,0.267,78.915,238867,4
Red (Taylor's Version),The Moment I Knew (Taylor's Version),2021-11-12,69,0.636,0.402,7,-7.855,1,0.031,0.0494,0.0,0.107,0.208,125.952,285280,4
Red (Taylor's Version),Come Back...Be Here (Taylor's Version),2021-11-12,73,0.46,0.632,4,-6.031,1,0.0302,0.0158,0.0,0.0822,0.399,79.846,223333,4
Red (Taylor's Version),Girl At Home (Taylor's Version),2021-11-12,67,0.691,0.736,5,-6.974,1,0.0326,0.00955,1.88e-05,0.101,0.612,125.089,220520,4
Red (Taylor's Version),State Of Grace (Acoustic Version) (Taylor's Version),2021-11-12,67,0.445,0.131,7,-13.778,1,0.0564,0.663,1.57e-06,0.108,0.101,208.918,321640,3
Red (Taylor's Version),Ronan (Taylor's Version),2021-11-12,65,0.623,0.279,0,-10.802,1,0.031,0.661,0.0,0.193,0.38,116.04,264253,4
Red (Taylor's Version),Better Man (Taylor's Version) (From The Vault),2021-11-12,73,0.473,0.579,4,-5.824,1,0.0384,0.214,0.0,0.0877,0.255,73.942,297013,4
Red (Taylor's Version),Nothing New (feat. Phoebe Bridgers) (Taylor’s Version) (From The Vault),2021-11-12,77,0.606,0.377,0,-9.455,1,0.0275,0.817,0.0,0.154,0.446,101.96,258813,4
Red (Taylor's Version),Babe (Taylor's Version) (From The Vault),2021-11-12,73,0.584,0.743,4,-7.075,1,0.0931,0.0538,2.83e-06,0.121,0.746,167.844,224240,4
Red (Taylor's Version),Message In A Bottle (Taylor's Version) (From The Vault),2021-11-12,74,0.622,0.791,7,-6.106,1,0.0535,0.00188,3.72e-06,0.083,0.494,115.915,225960,4
Red (Taylor's Version),Forever Winter (Taylor's Version) (From The Vault),2021-11-12,69,0.611,0.552,7,-5.828,1,0.031,0.256,0.0,0.134,0.41,116.012,263533,4
Red (Taylor's Version),I Bet You Think About Me (feat. Chris Stapleton) (Taylor’s Version) (From The Vault),2021-11-12,76,0.391,0.715,0,-4.516,1,0.0495,0.167,0.0,0.183,0.473,149.654,285107,3
Red (Taylor's Version),Run (feat. Ed Sheeran) (Taylor’s Version) (From The Vault),2021-11-12,71,0.61,0.488,3,-6.918,1,0.0293,0.817,0.0,0.312,0.443,125.039,240227,4
Red (Taylor's Version),The Very First Night (Taylor's Version) (From The Vault),2021-11-12,75,0.678,0.733,7,-5.025,1,0.0281,0.00115,0.0,0.104,0.581,121.009,200280,4
Red (Taylor's Version),All Too Well (10 Minute Version) (Taylor's Version) (From The Vault),2021-11-12,86,0.631,0.518,0,-8.771,1,0.0303,0.274,0.0,0.088,0.205,93.023,613027,4
1989 (Deluxe Edition),I Know Places - Voice Memo,2014-10-27,37,0.592,0.128,9,-17.932,0,0.589,0.829,0.0,0.527,0.15,78.828,216333,4
1989 (Deluxe Edition),I Wish You Would - Voice Memo,2014-10-27,36,0.781,0.357,0,-16.394,1,0.912,0.717,0.0,0.185,0.645,118.317,107133,4
1989 (Deluxe Edition),Blank Space - Voice Memo,2014-10-27,36,0.675,0.234,5,-15.064,0,0.721,0.801,0.0,0.657,0.578,127.296,131187,4
reputation,...Ready For It?,2017-11-10,87,0.613,0.764,2,-6.509,1,0.136,0.0527,0.0,0.197,0.417,160.015,208187,4
reputation,End Game,2017-11-10,81,0.649,0.589,2,-6.237,1,0.0558,0.00845,0.0,0.108,0.151,159.073,244827,4
reputation,I Did Something Bad,2017-11-10,82,0.696,0.602,0,-6.156,0,0.159,0.0679,2.11e-05,0.0696,0.305,82.989,238253,4
reputation,Don’t Blame Me,2017-11-10,91,0.615,0.534,9,-6.719,0,0.0386,0.106,1.76e-05,0.0607,0.193,135.917,236413,4
reputation,Delicate,2017-11-10,87,0.75,0.404,9,-10.178,0,0.0682,0.216,0.000357,0.0911,0.0499,95.045,232253,4
reputation,Look What You Made Me Do,2017-11-10,87,0.766,0.709,9,-6.471,0,0.123,0.204,1.41e-05,0.126,0.506,128.07,211853,4
reputation,So It Goes...,2017-11-10,76,0.574,0.61,2,-7.283,1,0.0732,0.122,1.1e-06,0.13,0.374,74.957,227907,4
reputation,Gorgeous,2017-11-10,82,0.8,0.535,7,-6.684,1,0.135,0.0713,9.48e-06,0.213,0.451,92.027,209680,4
reputation,Getaway Car,2017-11-10,86,0.562,0.689,2,-6.745,1,0.127,0.00465,2.23e-06,0.0888,0.351,172.054,233627,4
reputation,King Of My Heart,2017-11-10,79,0.675,0.703,0,-7.902,1,0.0382,0.00882,2.21e-06,0.0391,0.314,110.01,214320,4
reputation,Dancing With Our Hands Tied,2017-11-10,78,0.624,0.691,0,-6.686,0,0.196,0.0604,1.1e-05,0.138,0.284,160.024,211507,4
reputation,Dress,2017-11-10,81,0.719,0.469,0,-8.792,1,0.0533,0.0329,0.0,0.169,0.0851,120.085,230373,4
reputation,This Is Why We Can't Have Nice Things,2017-11-10,77,0.567,0.789,5,-5.986,1,0.115,0.0156,0.0,0.382,0.438,163.96,207133,4
reputation,Call It What You Want,2017-11-10,81,0.598,0.504,9,-9.874,1,0.0731,0.186,0.000221,0.34,0.252,163.954,203507,4
reputation,New Year’s Day,2017-11-10,77,0.661,0.151,0,-12.864,1,0.0354,0.921,0.0,0.13,0.23,94.922,235467,4
Lover,I Forgot That You Existed,2019-08-23,77,0.664,0.316,5,-10.345,1,0.519,0.298,2.03e-06,0.0812,0.541,92.875,170640,4
Lover,Cruel Summer,2019-08-23,99,0.552,0.702,9,-5.707,1,0.157,0.117,2.06e-05,0.105,0.564,169.994,178427,4
Lover,Lover,2019-08-23,93,0.359,0.543,7,-7.582,1,0.0919,0.492,1.58e-05,0.118,0.453,68.534,221307,4
Lover,The Man,2019-08-23,87,0.777,0.658,0,-5.191,1,0.054,0.0767,0.0,0.0901,0.633,110.048,190360,4
Lover,The Archer,2019-08-23,83,0.292,0.574,0,-9.375,1,0.0401,0.12,0.00569,0.0663,0.166,124.344,211240,4
Lover,I Think He Knows,2019-08-23,78,0.897,0.366,0,-8.029,1,0.0569,0.00889,0.000353,0.0715,0.416,100.003,173387,4
Lover,Miss Americana & The Heartbreak Prince,2019-08-23,84,0.662,0.747,11,-6.926,0,0.0736,0.028,0.00615,0.138,0.487,150.088,234147,4
Lover,Paper Rings,2019-08-23,85,0.811,0.719,9,-6.553,1,0.0497,0.0129,1.36e-05,0.0742,0.865,103.979,222400,4
Lover,Cornelia Street,2019-08-23,80,0.824,0.624,0,-9.728,1,0.0827,0.781,0.000189,0.1,0.248,102.012,287267,4
Lover,Death By A Thousand Cuts,2019-08-23,78,0.712,0.732,4,-6.754,1,0.0629,0.454,0.0,0.319,0.313,94.071,198533,4
Lover,London Boy,2019-08-23,80,0.695,0.71,1,-6.639,1,0.05,0.0246,0.000104,0.133,0.557,157.925,190240,4
Lover,Soon You’ll Get Better (feat. The Chicks),2019-08-23,72,0.433,0.182,0,-12.566,1,0.0641,0.907,0.0,0.123,0.421,207.476,201587,4
Lover,False God,2019-08-23,78,0.739,0.32,11,-10.862,0,0.239,0.736,0.000147,0.111,0.351,79.97,200307,4
Lover,You Need To Calm Down,2019-08-23,85,0.771,0.671,2,-5.617,1,0.0553,0.00929,0.0,0.0637,0.714,85.026,171360,4
Lover,Afterglow,2019-08-23,81,0.756,0.449,9,-8.746,1,0.0344,0.13,0.0,0.114,0.399,111.011,223293,4
Lover,ME! (feat. Brendon Urie of Panic! At The Disco),2019-08-23,81,0.61,0.83,0,-4.105,1,0.0571,0.033,0.0,0.118,0.728,182.162,193000,4
Lover,It’s Nice To Have A Friend,2019-08-23,72,0.737,0.175,10,-9.912,1,0.0401,0.971,0.000337,0.171,0.545,70.008,150440,4
Lover,Daylight,2019-08-23,84,0.557,0.496,0,-9.602,1,0.0563,0.808,0.000173,0.0772,0.265,149.983,293453,4
folklore (deluxe version),the 1,2020-08-18,74,0.78,0.361,0,-6.942,1,0.048,0.75,7.14e-06,0.108,0.163,139.902,210240,4
folklore (deluxe version),cardigan,2020-08-18,74,0.612,0.58,0,-8.572,0,0.0419,0.525,0.000414,0.26,0.534,130.045,239560,4
folklore (deluxe version),the last great american dynasty,2020-08-18,73,0.688,0.653,7,-8.558,1,0.0403,0.481,0.00414,0.106,0.701,147.991,231000,4
folklore (deluxe version),exile (feat. Bon Iver),2020-08-18,74,0.31,0.374,6,-8.464,1,0.0275,0.761,2.46e-05,0.11,0.16,75.938,285640,4
folklore (deluxe version),my tears ricochet,2020-08-18,74,0.456,0.265,0,-10.663,1,0.0328,0.814,0.0,0.0679,0.112,129.947,255893,4
folklore (deluxe version),mirrorball,2020-08-18,72,0.549,0.417,7,-10.064,1,0.035,0.686,1.9e-06,0.0604,0.347,110.137,208973,4
folklore (deluxe version),seven,2020-08-18,72,0.602,0.494,4,-10.813,1,0.0277,0.888,2.59e-05,0.0902,0.374,94.955,208907,4
folklore (deluxe version),august,2020-08-18,73,0.387,0.634,5,-9.222,1,0.0363,0.553,6.93e-05,0.0931,0.42,89.567,261920,4
folklore (deluxe version),this is me trying,2020-08-18,72,0.511,0.478,9,-9.837,1,0.0322,0.312,2.3e-05,0.147,0.408,135.882,195107,4
folklore (deluxe version),illicit affairs,2020-08-18,73,0.529,0.304,10,-10.567,1,0.0356,0.862,0.0,0.108,0.44,119.58,190893,4
folklore (deluxe version),invisible string,2020-08-18,72,0.651,0.459,4,-11.128,0,0.0507,0.859,6.63e-05,0.105,0.454,83.455,252880,4
folklore (deluxe version),mad woman,2020-08-18,70,0.593,0.7,3,-9.016,1,0.0492,0.67,6.77e-06,0.116,0.451,141.898,237267,4
folklore (deluxe version),epiphany,2020-08-18,69,0.317,0.254,1,-13.679,1,0.0286,0.727,0.000326,0.0867,0.103,93.933,289747,4
folklore (deluxe version),betty,2020-08-18,71,0.595,0.376,0,-8.767,1,0.0256,0.589,0.0,0.0989,0.476,95.946,294520,4
folklore (deluxe version),peace,2020-08-18,70,0.644,0.284,5,-12.879,1,0.0821,0.916,1.5e-05,0.0909,0.328,150.072,234000,4
folklore (deluxe version),hoax,2020-08-18,69,0.676,0.178,8,-15.01,1,0.0394,0.964,7.9e-06,0.135,0.404,118.84,220040,4
folklore (deluxe version),the lakes - bonus track,2020-08-18,73,0.313,0.258,2,-11.532,1,0.0383,0.842,1.3e-06,0.0948,0.268,179.947,211813,4
evermore,willow,2020-12-11,84,0.392,0.574,7,-9.195,1,0.17,0.833,0.00179,0.145,0.529,81.112,214707,4
evermore,champagne problems,2020-12-11,83,0.462,0.24,0,-12.077,1,0.0377,0.92,0.0,0.113,0.32,171.319,244000,4
evermore,gold rush,2020-12-11,74,0.512,0.462,9,-10.491,1,0.0408,0.83,0.166,0.121,0.353,112.05,185320,4
evermore,‘tis the damn season,2020-12-11,76,0.575,0.434,5,-8.193,1,0.0312,0.735,6.59e-05,0.105,0.348,145.916,229840,4
evermore,tolerate it,2020-12-11,80,0.316,0.361,9,-10.381,1,0.0488,0.878,2.67e-05,0.0797,0.221,74.952,245440,5
evermore,"no body, no crime (feat. HAIM)",2020-12-11,72,0.546,0.613,7,-7.589,0,0.0264,0.418,0.0,0.103,0.535,79.015,215627,4
evermore,happiness,2020-12-11,70,0.559,0.334,11,-10.733,1,0.0376,0.87,0.0,0.114,0.211,122.079,315147,4
evermore,dorothea,2020-12-11,68,0.605,0.488,4,-8.322,1,0.0264,0.696,0.0,0.129,0.354,119.966,225880,4
evermore,coney island (feat. The National),2020-12-11,68,0.537,0.537,8,-11.266,1,0.0617,0.819,0.000904,0.142,0.292,107.895,275320,4
evermore,ivy,2020-12-11,73,0.515,0.545,2,-9.277,1,0.0353,0.855,1.97e-05,0.0921,0.535,88.856,260440,4
evermore,cowboy like me,2020-12-11,72,0.604,0.517,0,-9.014,1,0.0347,0.768,0.000155,0.123,0.511,127.967,275040,4
evermore,long story short,2020-12-11,68,0.546,0.73,0,-7.704,1,0.0417,0.66,0.179,0.0972,0.573,157.895,215920,4
evermore,marjorie,2020-12-11,75,0.535,0.561,5,-11.609,1,0.0484,0.876,0.000136,0.115,0.287,96.103,257773,4
evermore,closure,2020-12-11,66,0.689,0.704,9,-10.813,1,0.245,0.835,4.83e-06,0.134,0.92,151.884,180653,5
evermore,evermore (feat. Bon Iver),2020-12-11,69,0.39,0.27,1,-10.673,1,0.0308,0.937,0.00227,0.111,0.32,125.177,304107,5
evermore (deluxe version),right where you left me - bonus track,2021-01-07,82,0.581,0.619,10,-6.524,1,0.0282,0.769,0.000106,0.117,0.645,137.915,245027,4
evermore (deluxe version),it’s time to go - bonus track,2021-01-07,73,0.592,0.41,0,-12.426,1,0.0397,0.801,1.39e-05,0.09,0.416,151.923,254640,4
Hannah Montana The Movie,Crazier,2009-01-01,67,0.452,0.544,4,-5.423,1,0.0277,0.0631,5.33e-06,0.104,0.158,133.042,191947,3
Two Lanes Of Freedom,Highway Don't Care,2013-01-01,68,0.47,0.79,2,-5.352,1,0.039,0.0216,0.0,0.0863,0.495,158.061,276880,4
Love Drunk,Two Is Better Than One (feat. Taylor Swift),2009-09-07,68,0.521,0.702,0,-5.189,1,0.0331,0.189,0.0,0.0962,0.25,127.976,242840,4
Spotify Singles,September - Recorded at The Tracking Room Nashville,2018-04-13,66,0.641,0.444,6,-6.482,1,0.0239,0.412,0.00121,0.179,0.588,107.081,187824,4
Sweeter Than Fiction,"Sweeter Than Fiction - From ""One Chance"" Soundtrack",2013-10-21,60,0.71,0.614,6,-6.965,1,0.0366,0.00164,0.000154,0.0785,0.673,135.012,237640,4
...Ready For It? (BloodPop® Remix),...Ready For It? - BloodPop® Remix,2017-12-01,56,0.582,0.835,7,-4.899,1,0.222,0.133,0.0,0.102,0.496,160.09,189509,4
Strange Clouds,Both of Us (feat. Taylor Swift),2012-04-27,60,0.677,0.722,7,-7.088,1,0.0522,0.0213,0.0,0.207,0.0483,125.091,216120,4
Lover (Remix) [feat. Shawn Mendes],Lover (Remix) [feat. Shawn Mendes],2019-11-13,75,0.448,0.603,7,-7.176,1,0.064,0.433,0.0,0.0862,0.422,205.272,221307,3
"Beautiful Ghosts (From The Motion Picture ""Cats"")","Beautiful Ghosts - From The Motion Picture Soundtrack ""Cats""",2019-11-15,0,0.368,0.238,4,-8.976,1,0.0599,0.85,0.0,0.0974,0.239,187.051,261061,3
Lover (First Dance Remix),Lover - First Dance Remix,2019-11-26,60,0.506,0.425,7,-8.198,1,0.0343,0.687,1.08e-06,0.158,0.214,68.449,233467,4
Fifty Shades Darker (Original Motion Picture Soundtrack),I Don’t Wanna Live Forever (Fifty Shades Darker),2017-02-10,75,0.734,0.442,0,-8.432,1,0.0557,0.0594,1.63e-05,0.213,0.0973,117.967,245653,4
Only The Young (Featured in Miss Americana),Only The Young - Featured in Miss Americana,2020-01-31,68,0.56,0.78,5,-4.895,0,0.0517,0.00244,0.0,0.0714,0.602,93.516,157507,4
Cornelia Street (Live From Paris),Cornelia Street - Live From Paris,2020-05-18,66,0.502,0.462,11,-7.526,1,0.0265,0.578,0.0,0.721,0.304,97.085,296013,4
Death By A Thousand Cuts (Live From Paris),Death By A Thousand Cuts - Live From Paris,2020-05-17,61,0.584,0.655,4,-5.551,1,0.0306,0.712,0.0,0.97,0.604,91.844,199067,4
Daylight (Live From Paris),Daylight - Live From Paris,2020-05-17,62,0.49,0.228,0,-10.504,1,0.0361,0.794,0.0,0.733,0.217,75.858,262320,4
Live From Clear Channel Stripped 2008,Beautiful Eyes - Live From Clear Channel Stripped 2008,2008-06-28,44,0.627,0.704,3,-3.739,1,0.0269,0.596,0.0,0.0598,0.457,98.958,176316,4
Everything Has Changed (Remix),Everything Has Changed - Remix,2013-01-01,38,0.683,0.627,6,-5.473,1,0.0345,0.265,4.86e-06,0.21,0.651,80.029,249760,4
Bad Blood,Bad Blood,2015-05-17,71,0.654,0.655,11,-7.388,0,0.106,0.0294,0.0,0.139,0.221,170.16,200107,4
Live in No Shoes Nation,Big Star (with Taylor Swift) - Live,2017-10-27,49,0.557,0.978,0,-4.819,1,0.0584,0.00761,2.42e-06,0.951,0.522,119.992,306507,4
You Need To Calm Down (Clean Bandit Remix),You Need To Calm Down - Clean Bandit Remix,2019-08-20,53,0.726,0.88,2,-4.137,1,0.0581,0.072,0.000462,0.0906,0.739,95.037,152773,4
betty (Live from the 2020 Academy of Country Music Awards),betty - Live from the 2020 Academy of Country Music Awards,2020-09-18,48,0.452,0.441,7,-4.956,1,0.0258,0.685,0.0,0.128,0.497,88.668,312139,4
cardigan (cabin in candlelight version),cardigan - cabin in candlelight version,2020-07-30,61,0.652,0.237,0,-8.364,0,0.0335,0.9,0.0,0.0991,0.367,129.976,228000,4
Women In Music Pt III (Expanded Edition),Gasoline (feat. Taylor Swift),2021-02-19,64,0.658,0.717,1,-4.257,0,0.0633,0.0846,0.0022,0.12,0.595,133.074,193373,4
willow (90's trend remix),willow - 90's trend remix,2021-06-14,52,0.6,0.603,7,-8.696,1,0.0741,0.313,0.0,0.0872,0.379,168.085,225107,4
Renegade (feat. Taylor Swift),Renegade (feat. Taylor Swift),2021-07-02,0,0.532,0.708,0,-8.121,1,0.0505,0.435,0.0236,0.107,0.586,167.977,254467,4
Renegade (Pop Version),Renegade - Pop Version,2021-08-17,56,0.341,0.726,0,-7.271,1,0.0699,0.315,6.27e-05,0.0948,0.63,167.949,231527,4
How Long Do You Think It's Gonna Last?,Birch,2021-08-27,56,0.644,0.639,8,-13.545,1,0.0466,0.889,0.143,0.0993,0.255,92.012,330067,4
Speak Now World Tour Live,Drops Of Jupiter - Live/2011,2010-10-25,53,0.374,0.504,2,-8.407,1,0.0392,0.806,0.0,0.76,0.27,109.025,315173,5
All Too Well (Sad Girl Autumn Version) - Recorded at Long Pond Studios,All Too Well (Sad Girl Autumn Version) - Recorded at Long Pond Studios,2021-11-18,65,0.585,0.286,0,-10.123,1,0.0312,0.838,0.0,0.115,0.189,93.009,598150,4
Speak Now World Tour Live,Back To December/Apologize/You're Not Sorry - Live/2011/Medley,2010-10-25,53,0.374,0.516,2,-8.745,1,0.0294,0.155,0.0,0.795,0.171,142.057,362827,4
Speak Now World Tour Live,Bette Davis Eyes - Live/2011,2010-10-25,49,0.327,0.488,6,-9.287,1,0.0322,0.713,0.0,0.837,0.363,104.46,189147,4
Speak Now World Tour Live,I Want You Back - Live/2011,2010-10-25,50,0.536,0.512,6,-6.794,1,0.0341,0.794,0.000122,0.497,0.249,97.397,83253,4
Message In A Bottle (Fat Max G Remix) (Taylor’s Version),Message In A Bottle (Fat Max G Remix) (Taylor’s Version),2022-01-21,0,0.684,0.733,2,-4.203,1,0.0422,0.00226,0.000125,0.273,0.343,115.969,224649,4
The Joker And The Queen (feat. Taylor Swift),The Joker And The Queen (feat. Taylor Swift),2022-02-11,70,0.528,0.309,0,-7.398,1,0.0329,0.924,2.1e-06,0.282,0.307,133.83,185422,4
All Too Well (10 Minute Version) (The Short Film),All Too Well (10 Minute Version) (The Short Film),2022-06-11,57,0.625,0.515,0,-10.202,1,0.0281,0.323,3.53e-05,0.0764,0.193,93.021,686022,4
Carolina (From The Motion Picture “Where The Crawdads Sing”),Carolina - From The Motion Picture “Where The Crawdads Sing”,2022-06-24,69,0.476,0.189,11,-13.777,0,0.0329,0.904,4.52e-06,0.254,0.324,115.851,264439,4
Carolina (From The Motion Picture “Where The Crawdads Sing”),"Carolina - ""Where The Crawdads Sing"" - Video Edition",2022-06-24,53,0.364,0.185,11,-13.045,0,0.0374,0.893,0.0,0.269,0.42,115.727,163944,4
Midnights,Lavender Haze,2022-10-21,84,0.733,0.436,10,-10.489,1,0.08,0.258,0.000573,0.157,0.0976,96.985,202396,4
Midnights,Maroon,2022-10-21,78,0.637,0.398,7,-8.294,1,0.0564,0.0573,1.03e-06,0.101,0.0374,108.075,218271,4
Midnights,Anti-Hero,2022-10-21,92,0.637,0.643,4,-6.571,1,0.0519,0.13,1.8e-06,0.142,0.533,97.008,200690,4
Midnights,Snow On The Beach (feat. Lana Del Rey),2022-10-21,76,0.663,0.319,9,-13.481,1,0.0375,0.69,0.000993,0.117,0.193,109.957,256124,4
Midnights,"You're On Your Own, Kid",2022-10-21,84,0.696,0.396,2,-10.289,1,0.0656,0.401,5.2e-06,0.125,0.38,120.041,194207,4
Midnights,Midnight Rain,2022-10-21,84,0.643,0.363,0,-11.738,1,0.0767,0.69,5.17e-05,0.115,0.23,139.865,174783,4
Midnights,Question...?,2022-10-21,74,0.751,0.502,7,-8.763,1,0.167,0.2,0.0,0.296,0.106,108.943,210557,4
Midnights,Vigilante Shit,2022-10-21,80,0.798,0.277,4,-11.096,0,0.39,0.173,5.25e-05,0.121,0.163,79.846,164801,4
Midnights,Bejeweled,2022-10-21,84,0.696,0.559,7,-9.19,1,0.0693,0.0618,5.58e-05,0.0887,0.433,163.999,194166,4
Midnights,Labyrinth,2022-10-21,76,0.406,0.306,0,-15.48,1,0.0517,0.785,0.488,0.122,0.122,110.014,247962,4
Midnights,Karma,2022-10-21,88,0.642,0.62,8,-7.091,1,0.0666,0.0734,0.0,0.483,0.0969,90.02,204852,4
Midnights,Sweet Nothing,2022-10-21,76,0.337,0.156,0,-14.919,1,0.0518,0.964,7.72e-05,0.115,0.39,176.655,188497,4
Midnights,Mastermind,2022-10-21,77,0.662,0.357,4,-14.064,1,0.154,0.553,0.00129,0.0837,0.124,125.966,191039,4
Midnights (3am Edition),The Great War,2022-10-22,75,0.573,0.741,5,-8.987,1,0.0353,0.219,2.23e-05,0.0842,0.554,96.016,240356,4
Midnights (3am Edition),Bigger Than The Whole Sky,2022-10-22,73,0.422,0.235,6,-12.379,1,0.0568,0.826,0.00648,0.115,0.068,165.71,218503,4
Midnights (3am Edition),Paris,2022-10-22,72,0.7,0.509,7,-10.547,1,0.0789,0.112,3.27e-05,0.137,0.345,110.947,196259,4
Midnights (3am Edition),High Infidelity,2022-10-22,71,0.646,0.529,10,-10.179,1,0.0864,0.723,0.0,0.0885,0.755,87.862,231475,4
Midnights (3am Edition),Glitch,2022-10-22,69,0.675,0.466,11,-9.738,0,0.201,0.361,0.0,0.11,0.347,140.864,148781,4
Midnights (3am Edition),"Would've, Could've, Should've",2022-10-22,74,0.483,0.84,7,-6.508,1,0.119,0.43,0.000575,0.146,0.55,157.979,260362,4
Midnights (3am Edition),Dear Reader,2022-10-22,71,0.562,0.388,0,-12.088,1,0.0705,0.481,0.00145,0.117,0.159,107.747,225194,4
Anti-Hero (feat. Bleachers),Anti-Hero (feat. Bleachers),2022-11-08,60,0.633,0.809,9,-7.645,1,0.0364,0.00956,0.00215,0.102,0.471,96.947,228397,4
Anti-Hero (Remixes),Anti-Hero - Roosevelt Remix,2022-11-11,38,0.716,0.744,4,-6.742,1,0.0338,0.317,0.000241,0.162,0.825,110.993,299203,4
Anti-Hero (Remixes),Anti-Hero - Kungs Remix,2022-11-11,46,0.721,0.918,11,-5.357,1,0.0805,0.0216,0.00117,0.345,0.711,116.007,194612,4
Anti-Hero (Remixes),Anti-Hero - Jayda G Remix,2022-11-11,51,0.792,0.779,1,-6.61,0,0.0604,0.065,4.54e-05,0.0939,0.76,120.004,215697,4
Cats: Highlights From The Motion Picture Soundtrack,"Macavity - From The Motion Picture Soundtrack ""Cats""",2019-12-20,44,0.522,0.428,10,-8.673,1,0.118,0.124,0.0,0.146,0.151,114.862,311000,3
Anti-Hero (ILLENIUM Remix),Anti-Hero - ILLENIUM Remix,2022-11-18,59,0.6,0.722,1,-4.865,0,0.0438,0.169,0.00017,0.288,0.388,96.957,267960,4
Anti-Hero (Acoustic Version),Anti-Hero - Acoustic Version,2022-11-25,63,0.624,0.332,4,-9.989,1,0.0365,0.597,0.000679,0.195,0.397,96.864,196473,4
Lavender Haze (Remixes),Lavender Haze - Tensnake Remix,2023-03-03,29,0.774,0.785,7,-6.661,0,0.0488,0.162,0.0075,0.0837,0.748,109.028,214967,4
Lavender Haze (Remixes),Lavender Haze - Snakehips Remix,2023-03-03,48,0.697,0.796,10,-5.226,1,0.158,0.0578,1.17e-05,0.368,0.448,109.937,187511,4
Lavender Haze (Remixes),Lavender Haze - Jungle Remix,2023-03-03,26,0.658,0.707,1,-9.556,1,0.042,0.338,0.129,0.29,0.315,124.032,235932,4
Lavender Haze (Remixes),Lavender Haze - Felix Jaehn Remix,2023-03-03,31,0.784,0.725,10,-6.853,1,0.187,0.0343,0.0136,0.464,0.616,119.973,171562,4
All Of The Girls You Loved Before,All Of The Girls You Loved Before,2019-08-23,83,0.718,0.467,2,-9.66,1,0.0398,0.707,6.92e-05,0.126,0.396,95.96,221407,3
Safe & Sound (Taylor's Version),Safe & Sound (feat. Joy Williams and John Paul White) (Taylor’s Version),2021-11-12,71,0.41,0.312,7,-11.01,1,0.0269,0.783,6.36e-06,0.0783,0.22,144.751,239668,4
Eyes Open (Taylor's Version),Eyes Open (Taylor's Version),2021-11-12,68,0.566,0.773,7,-6.976,1,0.0356,0.000818,0.00103,0.184,0.256,137.048,243264,4
Lavender Haze (Acoustic Version),Lavender Haze - Acoustic Version,2023-03-31,63,0.724,0.554,7,-11.397,0,0.0392,0.772,6.32e-05,0.0791,0.71,97.075,174376,4
First Two Pages of Frankenstein,The Alcott (feat. Taylor Swift),2023-04-28,73,0.368,0.463,0,-10.595,1,0.0302,0.811,0.0017,0.109,0.447,156.008,267773,3
Midnights (The Til Dawn Edition),Hits Different,2023-05-26,81,0.672,0.782,5,-6.499,1,0.0421,0.148,4.73e-06,0.296,0.239,106.026,234467,4
Midnights (The Til Dawn Edition),Snow On The Beach (feat. More Lana Del Rey),2023-05-26,81,0.664,0.401,6,-10.934,0,0.0344,0.806,3.5e-06,0.108,0.315,109.846,229943,4
Midnights (The Til Dawn Edition),Karma (feat. Ice Spice),2023-05-26,73,0.615,0.616,8,-6.523,1,0.0622,0.0623,0.0,0.579,0.0734,89.977,201493,4
The Cruelest Summer,Cruel Summer - Live from TS | The Eras Tour,2023-10-19,68,0.278,0.907,9,-4.606,1,0.0827,0.126,0.0,0.89,0.33,83.178,229567,4
The Cruelest Summer,Cruel Summer - LP Giobbi Remix,2023-10-19,68,0.731,0.722,9,-9.098,1,0.0691,0.0893,0.00256,0.112,0.265,122.99,192900,4
1989 (Taylor's Version),Welcome To New York (Taylor's Version),2023-10-26,80,0.761,0.607,7,-4.83,1,0.0312,0.00961,2.24e-05,0.367,0.674,116.98,212600,4
1989 (Taylor's Version),Blank Space (Taylor's Version),2023-10-26,84,0.737,0.725,0,-5.417,1,0.0641,0.0976,0.0,0.174,0.755,96.012,231833,4
1989 (Taylor's Version),Style (Taylor's Version),2023-10-26,86,0.575,0.824,2,-4.823,1,0.038,0.000418,0.0214,0.0901,0.292,94.971,231000,4
1989 (Taylor's Version),Out Of The Woods (Taylor's Version),2023-10-26,81,0.547,0.885,0,-5.961,1,0.0418,0.000512,9.37e-05,0.39,0.192,91.992,235800,4
1989 (Taylor's Version),All You Had To Do Was Stay (Taylor's Version),2023-10-26,79,0.586,0.72,0,-5.556,1,0.035,0.000718,0.0,0.0949,0.481,97.057,193289,4
1989 (Taylor's Version),Shake It Off (Taylor's Version),2023-10-26,81,0.632,0.807,7,-5.676,1,0.0738,0.0103,1.27e-05,0.29,0.921,160.055,219209,4
1989 (Taylor's Version),I Wish You Would (Taylor's Version),2023-10-26,78,0.669,0.851,0,-6.526,1,0.0432,0.00357,1.04e-05,0.0676,0.541,118.026,207650,4
1989 (Taylor's Version),Bad Blood (Taylor's Version),2023-10-26,78,0.619,0.686,7,-6.369,1,0.164,0.0385,0.0,0.307,0.364,169.943,211104,4
1989 (Taylor's Version),Wildest Dreams (Taylor's Version),2023-10-26,83,0.581,0.672,8,-7.415,1,0.0739,0.0411,9.35e-05,0.118,0.514,140.061,220433,4
1989 (Taylor's Version),How You Get The Girl (Taylor's Version),2023-10-26,75,0.754,0.682,5,-5.789,1,0.0565,0.00209,9.88e-06,0.0941,0.547,120.027,247533,4
1989 (Taylor's Version),This Love (Taylor’s Version),2023-10-26,76,0.474,0.511,1,-8.766,0,0.0339,0.299,0.0,0.0673,0.0586,144.022,250100,4
1989 (Taylor's Version),I Know Places (Taylor's Version),2023-10-26,75,0.575,0.803,0,-5.393,1,0.0465,0.087,0.0,0.0971,0.68,160.039,195700,4
1989 (Taylor's Version),Clean (Taylor's Version),2023-10-26,79,0.771,0.386,4,-8.917,1,0.0297,0.276,2.01e-05,0.121,0.239,103.96,271000,4
1989 (Taylor's Version),Wonderland (Taylor's Version),2023-10-26,75,0.462,0.708,3,-5.971,1,0.0555,0.00933,1.88e-05,0.198,0.337,183.811,245567,4
1989 (Taylor's Version),You Are In Love (Taylor's Version),2023-10-26,76,0.537,0.495,9,-9.416,1,0.0573,0.609,2.49e-06,0.112,0.492,84.948,267389,4
1989 (Taylor's Version),New Romantics (Taylor's Version),2023-10-26,81,0.651,0.855,5,-5.959,1,0.0538,0.0068,9.81e-06,0.0759,0.698,121.98,230178,4
1989 (Taylor's Version),"""Slut!"" (Taylor's Version) (From The Vault)",2023-10-26,87,0.629,0.413,7,-13.178,1,0.055,0.345,7.62e-05,0.0603,0.306,77.983,180381,4
1989 (Taylor's Version),Say Don't Go (Taylor's Version) (From The Vault),2023-10-26,83,0.626,0.547,4,-8.285,1,0.0342,0.0656,1.67e-05,0.149,0.192,109.946,279833,4
1989 (Taylor's Version),Now That We Don't Talk (Taylor's Version) (From The Vault),2023-10-26,86,0.793,0.512,0,-9.319,1,0.0338,0.186,3.81e-05,0.0889,0.0662,109.994,146437,4
1989 (Taylor's Version),Suburban Legends (Taylor's Version) (From The Vault),2023-10-26,77,0.699,0.621,0,-8.739,1,0.0369,0.198,0.0,0.104,0.344,118.048,171819,4
1989 (Taylor's Version),Is It Over Now? (Taylor's Version) (From The Vault),2023-10-26,91,0.596,0.658,0,-7.346,1,0.036,0.0504,0.0,0.127,0.176,100.012,229478,4
1989 (Taylor's Version) [Deluxe],Bad Blood (feat. Kendrick Lamar) (Taylor's Version),2023-10-27,77,0.602,0.648,2,-6.905,1,0.103,0.0104,0.0,0.217,0.174,170.091,199773,4
You're Losing Me (From The Vault),You’re Losing Me (From The Vault),2023-11-29,89,0.747,0.391,0,-13.767,1,0.052,0.529,0.003,0.111,0.195,102.984,277832,4
